{"cameraMode":{"drawMode":0,"name":"Shaded","section":"Shading Mode"},"sceneLighting":true,"audioPlay":false,"sceneViewState":{"showFog":true,"showMaterialUpdate":false,"showSkybox":true,"showFlares":true,"showImageEffects":true,"showParticleSystems":true},"in2DMode":false,"pivot":{"x":-0.41850757598876955,"y":3.590259075164795,"z":3.5570719242095949},"rotation":{"x":-0.12683410942554475,"y":0.7773670554161072,"z":-0.1661856472492218,"w":-0.5932924747467041},"size":15.919879913330079,"orthographic":false}